{
  "name" : "npm json",
  "colors" : [
    {
      "red" : 0.7008913,
      "alpha" : 1,
      "name" : "lvl1",
      "blue" : 0.1747052,
      "green" : 0.2177847
    },
    {
      "red" : 0.7483203,
      "alpha" : 1,
      "name" : "lvl2",
      "blue" : 0.2228273,
      "green" : 0.26585
    },
    {
      "red" : 0.7989169,
      "alpha" : 1,
      "name" : "lvl3",
      "blue" : 0.2777031,
      "green" : 0.3203755
    }
  ]
}